id,industry,code,name
ciiu_0111,01,0111,"Cultivo de cereales (excepto arroz)  legumbres y semillas oleaginosas "
ciiu_0112,01,0112,"Cultivo de arroz "
ciiu_0113,01,0113,"Cultivo de hortalizas  raíces y tubérculos "
ciiu_0114,01,0114,"Cultivo de tabaco "
ciiu_0115,01,0115,"Cultivo de plantas textiles "
ciiu_0119,01,0119,"Otros cultivos transitorios n.c.p."
ciiu_0121,01,0121,"Cultivo de frutas tropicales y subtropicales"
ciiu_0122,01,0122,"Cultivo de plátano y banano"
ciiu_0123,01,0123,"Cultivo de café"
ciiu_0124,01,0124,"Cultivo de caña de azúcar"
ciiu_0125,01,0125,"Cultivo de flor de corte"
ciiu_0126,01,0126,"Cultivo de palma para aceite (palma africana) y otros frutos oleaginosos"
ciiu_0127,01,0127,"Cultivo de plantas con las que se preparan bebidas"
ciiu_0128,01,0128,"Cultivo de especias y de plantas aromáticas y medicinales "
ciiu_0129,01,0129,"Otros cultivos permanentes n.c.p."
ciiu_0130,01,0130,"Propagación de plantas (actividades de los viveros  excepto viveros forestales) "
ciiu_0141,01,0141,"Cría de ganado bovino y bufalino"
ciiu_0142,01,0142,"Cría de caballos y otros equinos "
ciiu_0143,01,0143,"Cría de ovejas y cabras "
ciiu_0144,01,0144,"Cría de ganado porcino"
ciiu_0145,01,0145,"Cría de aves de corral"
ciiu_0149,01,0149,"Cría de otros animales n.c.p."
ciiu_0150,01,0150,"Explotación mixta (agrícola y pecuaria) "
ciiu_0161,01,0161,"Actividades de apoyo a la agricultura "
ciiu_0162,01,0162,"Actividades de apoyo a la ganadería"
ciiu_0163,01,0163,"Actividades posteriores a la cosecha "
ciiu_0164,01,0164,"Tratamiento de semillas para propagación "
ciiu_0170,01,0170,"Caza ordinaria y mediante trampas y actividades de servicios conexas "
ciiu_0210,02,0210,"Silvicultura y otras actividades forestales"
ciiu_0220,02,0220,"Extracción de madera "
ciiu_0230,02,0230,"Recolección de productos forestales diferentes a la madera"
ciiu_0240,02,0240,"Servicios de apoyo a la silvicultura "
ciiu_0311,03,0311,"Pesca marítima "
ciiu_0312,03,0312,"Pesca de agua dulce "
ciiu_0321,03,0321,"Acuicultura marítima "
ciiu_0322,03,0322,"Acuicultura de agua dulce"
ciiu_0510,05,0510,"Extracción de hulla (carbón de piedra)"
ciiu_0520,05,0520,"Extracción de carbón lignito"
ciiu_0610,06,0610,"Extracción de petróleo crudo"
ciiu_0620,06,0620,"Extracción de gas natural"
ciiu_0710,07,0710,"Extracción de minerales de hierro"
ciiu_0721,07,0721,"Extracción de minerales de uranio y de torio"
ciiu_0722,07,0722,"Extracción de oro y otros metales preciosos"
ciiu_0723,07,0723,"Extracción de minerales de níquel"
ciiu_0729,07,0729,"Extracción de otros minerales metalíferos no ferrosos n.c.p."
ciiu_0811,08,0811,"Extracción de piedra  arena  arcillas comunes  yeso y anhidrita"
ciiu_0812,08,0812,"Extracción de arcillas de uso industrial  caliza  caolín y bentonitas"
ciiu_0820,08,0820,"Extracción de esmeraldas  piedras preciosas y semipreciosas"
ciiu_0891,08,0891,"Extracción de minerales para la fabricación de abonos y productos químicos"
ciiu_0892,08,0892,"Extracción de halita (sal)"
ciiu_0899,08,0899,"Extracción de otros minerales no metálicos n.c.p."
ciiu_0910,09,0910,"Actividades de apoyo para la extracción de petróleo y de gas natural"
ciiu_0990,09,0990,"Actividades de apoyo para otras actividades de explotación de minas y canteras"
ciiu_1011,10,1011,"Procesamiento y conservación de carne y productos cárnicos"
ciiu_1012,10,1012,"Procesamiento y conservación de pescados  crustáceos y moluscos"
ciiu_1020,10,1020,"Procesamiento y conservación de frutas  legumbres  hortalizas y tubérculos"
ciiu_1030,10,1030,"Elaboración de aceites y grasas de origen vegetal y animal"
ciiu_1040,10,1040,"Elaboración de productos lácteos"
ciiu_1051,10,1051,"Elaboración de productos de molinería"
ciiu_1052,10,1052,"Elaboración de almidones y productos derivados del almidón"
ciiu_1061,10,1061,"Trilla de café"
ciiu_1062,10,1062,"Descafeinado  tostión y molienda del café"
ciiu_1063,10,1063,"Otros derivados del café"
ciiu_1071,10,1071,"Elaboración y refinación de azúcar"
ciiu_1072,10,1072,"Elaboración de panela"
ciiu_1081,10,1081,"Elaboración de productos de panadería"
ciiu_1082,10,1082,"Elaboración de cacao  chocolate y productos de confitería"
ciiu_1083,10,1083,"Elaboración de macarrones  fideos  alcuzcuz y productos farináceos similares"
ciiu_1084,10,1084,"Elaboración de comidas y platos preparados"
ciiu_1089,10,1089,"Elaboración de otros productos alimenticios n.c.p."
ciiu_1090,10,1090,"Elaboración de alimentos preparados para animales"
ciiu_1101,11,1101,"Destilación  rectificación y mezcla de bebidas alcohólicas"
ciiu_1102,11,1102,"Elaboración de bebidas fermentadas no destiladas"
ciiu_1103,11,1103,"Producción de malta  elaboración de cervezas y otras bebidas malteadas"
ciiu_1104,11,1104,"Elaboración de bebidas no alcohólicas  producción de aguas minerales y de otras aguas embotelladas"
ciiu_1200,12,1200,"Elaboración de productos de tabaco"
ciiu_1311,13,1311,"Preparación e hilatura de fibras textiles"
ciiu_1312,13,1312,"Tejeduría de productos textiles"
ciiu_1313,13,1313,"Acabado de productos textiles"
ciiu_1391,13,1391,"Fabricación de tejidos de punto y ganchillo"
ciiu_1392,13,1392,"Confección de artículos con materiales textiles  excepto prendas de vestir"
ciiu_1393,13,1393,"Fabricación de tapetes y alfombras para pisos"
ciiu_1394,13,1394,"Fabricación de cuerdas  cordeles  cables  bramantes y redes"
ciiu_1399,13,1399,"Fabricación de otros artículos textiles n.c.p."
ciiu_1410,14,1410,"Confección de prendas de vestir  excepto prendas de piel"
ciiu_1420,14,1420,"Fabricación de artículos de piel"
ciiu_1430,14,1430,"Fabricación de artículos de punto y ganchillo"
ciiu_1511,15,1511,"Curtido y recurtido de cueros, recurtido y teñido de pieles"
ciiu_1512,15,1512,"Fabricación de artículos de viaje  bolsos de mano y artículos similares elaborados en cuero  y fabricación de artículos de talabartería y guarnicionería"
ciiu_1513,15,1513,"Fabricación de artículos de viaje  bolsos de mano y artículos similares, artículos de talabartería y guarnicionería elaborados en otros materiales"
ciiu_1521,15,1521,"Fabricación de calzado de cuero y piel  con cualquier tipo de suela"
ciiu_1522,15,1522,"Fabricación de otros tipos de calzado  excepto calzado de cuero y piel"
ciiu_1523,15,1523,"Fabricación de partes del calzado"
ciiu_1610,16,1610,"Aserrado  acepillado e impregnación de la madera"
ciiu_1620,16,1620,"Fabricación de hojas de madera para enchapado, fabricación de tableros contrachapados  tableros laminados  tableros de partículas y otros tableros y paneles"
ciiu_1630,16,1630,"Fabricación de partes y piezas de madera  de carpintería y ebanistería para la construcción"
ciiu_1640,16,1640,"Fabricación de recipientes de madera"
ciiu_1690,16,1690,"Fabricación de otros productos de madera, fabricación de artículos de corcho  cestería y espartería"
ciiu_1701,17,1701,"Fabricación de pulpas (pastas) celulósicas, papel y cartón"
ciiu_1702,17,1702,"Fabricación de papel y cartón ondulado (corrugado), fabricación de envases  empaques y de embalajes de papel y cartón."
ciiu_1709,17,1709,"Fabricación de otros artículos de papel y cartón"
ciiu_1811,18,1811,"Actividades de impresión"
ciiu_1812,18,1812,"Actividades de servicios relacionados con la impresión"
ciiu_1820,18,1820,"Producción de copias a partir de grabaciones originales "
ciiu_1910,19,1910,"Fabricación de productos de hornos de coque"
ciiu_1921,19,1921,"Fabricación de productos de la refinación del petróleo"
ciiu_1922,19,1922,"Actividad de mezcla de combustibles"
ciiu_2011,20,2011,"Fabricación de sustancias y productos químicos básicos"
ciiu_2012,20,2012,"Fabricación de abonos y compuestos inorgánicos nitrogenados"
ciiu_2013,20,2013,"Fabricación de plásticos en formas primarias"
ciiu_2014,20,2014,"Fabricación de caucho sintético en formas primarias"
ciiu_2021,20,2021,"Fabricación de plaguicidas y otros productos químicos de uso agropecuario"
ciiu_2022,20,2022,"Fabricación de pinturas  barnices y revestimientos similares  tintas para impresión y masillas"
ciiu_2023,20,2023,"Fabricación de jabones y detergentes  preparados para limpiar y pulir, perfumes y preparados de tocador"
ciiu_2029,20,2029,"Fabricación de otros productos químicos n.c.p."
ciiu_2030,20,2030,"Fabricación de fibras sintéticas y artificiales"
ciiu_2100,21,2100,"Fabricación de productos farmacéuticos  sustancias químicas medicinales y productos botánicos de uso farmacéutico"
ciiu_2211,22,2211,"Fabricación de llantas y neumáticos de caucho"
ciiu_2212,22,2212,"Reencauche de llantas usadas"
ciiu_2219,22,2219,"Fabricación de formas básicas de caucho y otros productos de caucho n.c.p."
ciiu_2221,22,2221,"Fabricación de formas básicas de plástico"
ciiu_2229,22,2229,"Fabricación de artículos de plástico n.c.p."
ciiu_2310,23,2310,"Fabricación de vidrio y productos de vidrio"
ciiu_2391,23,2391,"Fabricación de productos refractarios"
ciiu_2392,23,2392,"Fabricación de materiales de arcilla para la construcción"
ciiu_2393,23,2393,"Fabricación de otros productos de cerámica y porcelana"
ciiu_2394,23,2394,"Fabricación de cemento  cal y yeso"
ciiu_2395,23,2395,"Fabricación de artículos de hormigón  cemento y yeso"
ciiu_2396,23,2396,"Corte  tallado y acabado de la piedra"
ciiu_2399,23,2399,"Fabricación de otros productos minerales no metálicos n.c.p."
ciiu_2410,24,2410,"Industrias básicas de hierro y de acero"
ciiu_2421,24,2421,"Industrias básicas de metales preciosos"
ciiu_2429,24,2429,"Industrias básicas de otros metales no ferrosos"
ciiu_2431,24,2431,"Fundición de hierro y de acero"
ciiu_2432,24,2432,"Fundición de metales no ferrosos "
ciiu_2511,25,2511,"Fabricación de productos metálicos para uso estructural"
ciiu_2512,25,2512,"Fabricación de tanques  depósitos y recipientes de metal  excepto los utilizados para el envase o transporte de mercancías"
ciiu_2513,25,2513,"Fabricación de generadores de vapor  excepto calderas de agua caliente para calefacción central"
ciiu_2520,25,2520,"Fabricación de armas y municiones"
ciiu_2591,25,2591,"Forja  prensado  estampado y laminado de metal, pulvimetalurgia"
ciiu_2592,25,2592,"Tratamiento y revestimiento de metales, mecanizado"
ciiu_2593,25,2593,"Fabricación de artículos de cuchillería  herramientas de mano y artículos de ferretería"
ciiu_2599,25,2599,"Fabricación de otros productos elaborados de metal n.c.p."
ciiu_2610,26,2610,"Fabricación de componentes y tableros electrónicos"
ciiu_2620,26,2620,"Fabricación de computadoras y de equipo periférico"
ciiu_2630,26,2630,"Fabricación de equipos de comunicación"
ciiu_2640,26,2640,"Fabricación de aparatos electrónicos de consumo"
ciiu_2651,26,2651,"Fabricación de equipo de medición  prueba  navegación y control"
ciiu_2652,26,2652,"Fabricación de relojes"
ciiu_2660,26,2660,"Fabricación de equipo de irradiación y equipo electrónico de uso médico y terapéutico"
ciiu_2670,26,2670,"Fabricación de instrumentos ópticos y equipo fotográfico"
ciiu_2680,26,2680,"Fabricación de medios magnéticos y ópticos para almacenamiento de datos"
ciiu_2711,27,2711,"Fabricación de motores  generadores y transformadores eléctricos"
ciiu_2712,27,2712,"Fabricación de aparatos de distribución y control de la energía eléctrica"
ciiu_2720,27,2720,"Fabricación de pilas  baterías y acumuladores eléctricos"
ciiu_2731,27,2731,"Fabricación de hilos y cables eléctricos y de fibra óptica"
ciiu_2732,27,2732,"Fabricación de dispositivos de cableado"
ciiu_2740,27,2740,"Fabricación de equipos eléctricos de iluminación"
ciiu_2750,27,2750,"Fabricación de aparatos de uso doméstico"
ciiu_2790,27,2790,"Fabricación de otros tipos de equipo eléctrico n.c.p."
ciiu_2811,28,2811,"Fabricación de motores  turbinas  y partes para motores de combustión interna"
ciiu_2812,28,2812,"Fabricación de equipos de potencia hidráulica y neumática"
ciiu_2813,28,2813,"Fabricación de otras bombas  compresores  grifos y válvulas"
ciiu_2814,28,2814,"Fabricación de cojinetes  engranajes  trenes de engranajes y piezas de transmisión"
ciiu_2815,28,2815,"Fabricación de hornos  hogares y quemadores industriales"
ciiu_2816,28,2816,"Fabricación de equipo de elevación y manipulación"
ciiu_2817,28,2817,"Fabricación de maquinaria y equipo de oficina (excepto computadoras y equipo periférico)"
ciiu_2818,28,2818,"Fabricación de herramientas manuales con motor"
ciiu_2819,28,2819,"Fabricación de otros tipos de maquinaria y equipo de uso general n.c.p."
ciiu_2821,28,2821,"Fabricación de maquinaria agropecuaria y forestal"
ciiu_2822,28,2822,"Fabricación de máquinas formadoras de metal y de máquinas herramienta"
ciiu_2823,28,2823,"Fabricación de maquinaria para la metalurgia"
ciiu_2824,28,2824,"Fabricación de maquinaria para explotación de minas y canteras y para obras de construcción"
ciiu_2825,28,2825,"Fabricación de maquinaria para la elaboración de alimentos  bebidas y tabaco"
ciiu_2826,28,2826,"Fabricación de maquinaria para la elaboración de productos textiles  prendas de vestir y cueros"
ciiu_2829,28,2829,"Fabricación de otros tipos de maquinaria y equipo de uso especial n.c.p."
ciiu_2910,29,2910,"Fabricación de vehículos automotores y sus motores"
ciiu_2920,29,2920,"Fabricación de carrocerías para vehículos automotores, fabricación de remolques y semirremolques "
ciiu_2930,29,2930,"Fabricación de partes  piezas (autopartes) y accesorios (lujos) para vehículos automotores"
ciiu_3011,30,3011,"Construcción de barcos y de estructuras flotantes"
ciiu_3012,30,3012,"Construcción de embarcaciones de recreo y deporte"
ciiu_3020,30,3020,"Fabricación de locomotoras y de material rodante para ferrocarriles"
ciiu_3030,30,3030,"Fabricación de aeronaves  naves espaciales y de maquinaria conexa"
ciiu_3040,30,3040,"Fabricación de vehículos militares de combate"
ciiu_3091,30,3091,"Fabricación de motocicletas"
ciiu_3092,30,3092,"Fabricación de bicicletas y de sillas de ruedas para personas con discapacidad"
ciiu_3099,30,3099,"Fabricación de otros tipos de equipo de transporte n.c.p."
ciiu_3110,31,3110,"Fabricación de muebles "
ciiu_3120,31,3120,"Fabricación de colchones y somieres"
ciiu_3210,32,3210,"Fabricación de joyas  bisutería y artículos conexos"
ciiu_3220,32,3220,"Fabricación de instrumentos musicales"
ciiu_3230,32,3230,"Fabricación de artículos y equipo para la práctica del deporte"
ciiu_3240,32,3240,"Fabricación de juegos  juguetes y rompecabezas"
ciiu_3250,32,3250,"Fabricación de instrumentos  aparatos y materiales médicos y odontológicos (incluido mobiliario)"
ciiu_3290,32,3290,"Otras industrias manufactureras n.c.p."
ciiu_3311,33,3311,"Mantenimiento y reparación especializado de productos elaborados en metal"
ciiu_3312,33,3312,"Mantenimiento y reparación especializado de maquinaria y equipo"
ciiu_3313,33,3313,"Mantenimiento y reparación especializado de equipo electrónico y óptico"
ciiu_3314,33,3314,"Mantenimiento y reparación especializado de equipo eléctrico"
ciiu_3315,33,3315,"Mantenimiento y reparación especializado de equipo de transporte  excepto los vehículos automotores  motocicletas y bicicletas"
ciiu_3319,33,3319,"Mantenimiento y reparación de otros tipos de equipos y sus componentes n.c.p."
ciiu_3320,33,3320,"Instalación especializada de maquinaria y equipo industrial "
ciiu_3511,35,3511,"Generación de energía eléctrica"
ciiu_3512,35,3512,"Transmisión de energía eléctrica"
ciiu_3513,35,3513,"Distribución de energía eléctrica"
ciiu_3514,35,3514,"Comercialización de energía eléctrica"
ciiu_3520,35,3520,"Producción de gas, distribución de combustibles gaseosos por tuberías"
ciiu_3530,35,3530,"Suministro de vapor y aire acondicionado"
ciiu_3600,36,3600,"Captación  tratamiento y distribución de agua"
ciiu_3700,37,3700,"Evacuación y tratamiento de aguas residuales"
ciiu_3811,38,3811,"Recolección de desechos no peligrosos"
ciiu_3812,38,3812,"Recolección de desechos peligrosos"
ciiu_3821,38,3821,"Tratamiento y disposición de desechos no peligrosos"
ciiu_3822,38,3822,"Tratamiento y disposición de desechos peligrosos"
ciiu_3830,38,3830,"Recuperación de materiales"
ciiu_3900,39,3900,"Actividades de saneamiento ambiental y otros servicios de gestión de desechos"
ciiu_4111,41,4111,"Construcción de edificios residenciales"
ciiu_4112,41,4112,"Construcción de edificios no residenciales"
ciiu_4210,42,4210,"Construcción de carreteras y vías de ferrocarril"
ciiu_4220,42,4220,"Construcción de proyectos de servicio público"
ciiu_4290,42,4290,"Construcción de otras obras de ingeniería civil"
ciiu_4311,43,4311,"Demolición"
ciiu_4312,43,4312,"Preparación del terreno"
ciiu_4321,43,4321,"Instalaciones eléctricas"
ciiu_4322,43,4322,"Instalaciones de fontanería  calefacción y aire acondicionado"
ciiu_4329,43,4329,"Otras instalaciones especializadas"
ciiu_4330,43,4330,"Terminación y acabado de edificios y obras de ingeniería civil"
ciiu_4390,43,4390,"Otras actividades especializadas para la construcción de edificios y obras de ingeniería civil"
ciiu_4511,45,4511,"Comercio de vehículos automotores nuevos"
ciiu_4512,45,4512,"Comercio de vehículos automotores usados"
ciiu_4520,45,4520,"Mantenimiento y reparación de vehículos automotores"
ciiu_4530,45,4530,"Comercio de partes  piezas (autopartes) y accesorios (lujos) para vehículos automotores"
ciiu_4541,45,4541,"Comercio de motocicletas y de sus partes  piezas y accesorios"
ciiu_4542,45,4542,"Mantenimiento y reparación de motocicletas y de sus partes y piezas"
ciiu_4610,46,4610,"Comercio al por mayor a cambio de una retribución o por contrata"
ciiu_4620,46,4620,"Comercio al por mayor de materias primas agropecuarias, animales vivos"
ciiu_4631,46,4631,"Comercio al por mayor de productos alimenticios"
ciiu_4632,46,4632,"Comercio al por mayor de bebidas y tabaco"
ciiu_4641,46,4641,"Comercio al por mayor de productos textiles  productos confeccionados para uso doméstico"
ciiu_4642,46,4642,"Comercio al por mayor de prendas de vestir"
ciiu_4643,46,4643,"Comercio al por mayor de calzado"
ciiu_4644,46,4644,"Comercio al por mayor de aparatos y equipo de uso doméstico"
ciiu_4645,46,4645,"Comercio al por mayor de productos farmacéuticos  medicinales  cosméticos y de tocador"
ciiu_4649,46,4649,"Comercio al por mayor de otros utensilios domésticos n.c.p."
ciiu_4651,46,4651,"Comercio al por mayor de computadores  equipo periférico y programas de informática"
ciiu_4652,46,4652,"Comercio al por mayor de equipo  partes y piezas electrónicos y de telecomunicaciones"
ciiu_4653,46,4653,"Comercio al por mayor de maquinaria y equipo agropecuarios"
ciiu_4659,46,4659,"Comercio al por mayor de otros tipos de maquinaria y equipo n.c.p."
ciiu_4661,46,4661,"Comercio al por mayor de combustibles sólidos  líquidos  gaseosos y productos conexos"
ciiu_4662,46,4662,"Comercio al por mayor de metales y productos metalíferos"
ciiu_4663,46,4663,"Comercio al por mayor de materiales de construcción  artículos de ferretería  pinturas  productos de vidrio  equipo y materiales de fontanería y calefacción"
ciiu_4664,46,4664,"Comercio al por mayor de productos químicos básicos  cauchos y plásticos en formas primarias y productos químicos de uso agropecuario"
ciiu_4665,46,4665,"Comercio al por mayor de desperdicios  desechos y chatarra"
ciiu_4669,46,4669,"Comercio al por mayor de otros productos n.c.p."
ciiu_4690,46,4690,"Comercio al por mayor no especializado"
ciiu_4711,47,4711,"Comercio al por menor en establecimientos no especializados con surtido compuesto principalmente por alimentos  bebidas o tabaco"
ciiu_4719,47,4719,"Comercio al por menor en establecimientos no especializados  con surtido compuesto principalmente por productos diferentes de alimentos (víveres en general)  bebidas y tabaco"
ciiu_4721,47,4721,"Comercio al por menor de productos agrícolas para el consumo en establecimientos especializados"
ciiu_4722,47,4722,"Comercio al por menor de leche  productos lácteos y huevos  en establecimientos especializados"
ciiu_4723,47,4723,"Comercio al por menor de carnes (incluye aves de corral)  productos cárnicos  pescados y productos de mar  en establecimientos especializados"
ciiu_4724,47,4724,"Comercio al por menor de bebidas y productos del tabaco  en establecimientos especializados"
ciiu_4729,47,4729,"Comercio al por menor de otros productos alimenticios n.c.p.  en establecimientos especializados"
ciiu_4731,47,4731,"Comercio al por menor de combustible para automotores"
ciiu_4732,47,4732,"Comercio al por menor de lubricantes (aceites  grasas)  aditivos y productos de limpieza para vehículos automotores"
ciiu_4741,47,4741,"Comercio al por menor de computadores  equipos periféricos  programas de informática y equipos de telecomunicaciones en establecimientos especializados"
ciiu_4742,47,4742,"Comercio al por menor de equipos y aparatos de sonido y de video  en establecimientos especializados"
ciiu_4751,47,4751,"Comercio al por menor de productos textiles en establecimientos especializados"
ciiu_4752,47,4752,"Comercio al por menor de artículos de ferretería  pinturas y productos de vidrio en establecimientos especializados"
ciiu_4753,47,4753,"Comercio al por menor de tapices  alfombras y cubrimientos para paredes y pisos en establecimientos especializados"
ciiu_4754,47,4754,"Comercio al por menor de electrodomésticos y gasodomésticos de uso doméstico  muebles y equipos de iluminación"
ciiu_4755,47,4755,"Comercio al por menor de artículos y utensilios de uso doméstico"
ciiu_4759,47,4759,"Comercio al por menor de otros artículos domésticos en establecimientos especializados"
ciiu_4761,47,4761,"Comercio al por menor de libros  periódicos  materiales y artículos de papelería y escritorio  en establecimientos especializados"
ciiu_4762,47,4762,"Comercio al por menor de artículos deportivos  en establecimientos especializados "
ciiu_4769,47,4769,"Comercio al por menor de otros artículos culturales y de entretenimiento n.c.p. en establecimientos especializados"
ciiu_4771,47,4771,"Comercio al por menor de prendas de vestir y sus accesorios (incluye artículos de piel) en establecimientos especializados"
ciiu_4772,47,4772,"Comercio al por menor de todo tipo de calzado y artículos de cuero y sucedáneos del cuero en establecimientos especializados."
ciiu_4773,47,4773,"Comercio al por menor de productos farmacéuticos y medicinales  cosméticos y artículos de tocador en establecimientos especializados"
ciiu_4774,47,4774,"Comercio al por menor de otros productos nuevos en establecimientos especializados"
ciiu_4775,47,4775,"Comercio al por menor de artículos de segunda mano"
ciiu_4781,47,4781,"Comercio al por menor de alimentos  bebidas y tabaco  en puestos de venta móviles"
ciiu_4782,47,4782,"Comercio al por menor de productos textiles  prendas de vestir y calzado  en puestos de venta móviles"
ciiu_4789,47,4789,"Comercio al por menor de otros productos en puestos de venta móviles"
ciiu_4791,47,4791,"Comercio al por menor realizado a través de Internet"
ciiu_4792,47,4792,"Comercio al por menor realizado a través de casas de venta o por correo"
ciiu_4799,47,4799,"Otros tipos de comercio al por menor no realizado en establecimientos  puestos de venta o mercados."
ciiu_4911,49,4911,"Transporte férreo de pasajeros"
ciiu_4912,49,4912,"Transporte férreo de carga "
ciiu_4921,49,4921,"Transporte de pasajeros"
ciiu_4922,49,4922,"Transporte mixto"
ciiu_4923,49,4923,"Transporte de carga por carretera"
ciiu_4930,49,4930,"Transporte por tuberías"
ciiu_5011,50,5011,"Transporte de pasajeros marítimo y de cabotaje "
ciiu_5012,50,5012,"Transporte de carga marítimo y de cabotaje "
ciiu_5021,50,5021,"Transporte fluvial de pasajeros"
ciiu_5022,50,5022,"Transporte fluvial de carga"
ciiu_5111,51,5111,"Transporte aéreo nacional de pasajeros "
ciiu_5112,51,5112,"Transporte aéreo internacional de pasajeros "
ciiu_5121,51,5121,"Transporte aéreo nacional de carga "
ciiu_5122,51,5122,"Transporte aéreo internacional de carga "
ciiu_5210,52,5210,"Almacenamiento y depósito"
ciiu_5221,52,5221,"Actividades de estaciones  vías y servicios complementarios para el transporte terrestre"
ciiu_5222,52,5222,"Actividades de puertos y servicios complementarios para el transporte acuático"
ciiu_5223,52,5223,"Actividades de aeropuertos  servicios de navegación aérea y demás actividades conexas al transporte aéreo"
ciiu_5224,52,5224,"Manipulación de carga"
ciiu_5229,52,5229,"Otras actividades complementarias al transporte"
ciiu_5310,53,5310,"Actividades postales nacionales"
ciiu_5320,53,5320,"Actividades de mensajería"
ciiu_5511,55,5511,"Alojamiento en hoteles "
ciiu_5512,55,5512,"Alojamiento en apartahoteles"
ciiu_5513,55,5513,"Alojamiento en centros vacacionales "
ciiu_5514,55,5514,"Alojamiento rural"
ciiu_5519,55,5519,"Otros tipos de alojamientos para visitantes"
ciiu_5520,55,5520,"Actividades de zonas de camping y parques para vehículos recreacionales"
ciiu_5530,55,5530,"Servicio por horas "
ciiu_5590,55,5590,"Otros tipos de alojamiento n.c.p."
ciiu_5611,56,5611,"Expendio a la mesa de comidas preparadas"
ciiu_5612,56,5612,"Expendio por autoservicio de comidas preparadas"
ciiu_5613,56,5613,"Expendio de comidas preparadas en cafeterías"
ciiu_5619,56,5619,"Otros tipos de expendio de comidas preparadas n.c.p."
ciiu_5621,56,5621,"Catering para eventos"
ciiu_5629,56,5629,"Actividades de otros servicios de comidas"
ciiu_5630,56,5630,"Expendio de bebidas alcohólicas para el consumo dentro del establecimiento"
ciiu_5811,58,5811,"Edición de libros"
ciiu_5812,58,5812,"Edición de directorios y listas de correo"
ciiu_5813,58,5813,"Edición de periódicos  revistas y otras publicaciones periódicas"
ciiu_5819,58,5819,"Otros trabajos de edición"
ciiu_5820,58,5820,"Edición de programas de informática (software)"
ciiu_5911,59,5911,"Actividades de producción de películas cinematográficas  videos  programas  anuncios y comerciales de televisión"
ciiu_5912,59,5912,"Actividades de posproducción de películas cinematográficas  videos  programas  anuncios y comerciales de televisión"
ciiu_5913,59,5913,"Actividades de distribución de películas cinematográficas  videos  programas  anuncios y comerciales de televisión"
ciiu_5914,59,5914,"Actividades de exhibición de películas cinematográficas y videos"
ciiu_5920,59,5920,"Actividades de grabación de sonido y edición de música"
ciiu_6010,60,6010,"Actividades de programación y transmisión en el servicio de radiodifusión sonora"
ciiu_6020,60,6020,"Actividades de programación y transmisión de televisión"
ciiu_6110,61,6110,"Actividades de telecomunicaciones alámbricas"
ciiu_6120,61,6120,"Actividades de telecomunicaciones inalámbricas"
ciiu_6130,61,6130,"Actividades de telecomunicación satelital"
ciiu_6190,61,6190,"Otras actividades de telecomunicaciones"
ciiu_6201,62,6201,"Actividades de desarrollo de sistemas informáticos (planificación  análisis  diseño  programación  pruebas)"
ciiu_6202,62,6202,"Actividades de consultoría informática y actividades de administración de instalaciones informáticas"
ciiu_6209,62,6209,"Otras actividades de tecnologías de información y actividades de servicios informáticos"
ciiu_6311,63,6311,"Procesamiento de datos  alojamiento (hosting) y actividades relacionadas"
ciiu_6312,63,6312,"Portales web"
ciiu_6391,63,6391,"Actividades de agencias de noticias"
ciiu_6399,63,6399,"Otras actividades de servicio de información n.c.p."
ciiu_6411,64,6411,"Banco Central"
ciiu_6412,64,6412,"Bancos comerciales"
ciiu_6421,64,6421,"Actividades de las corporaciones financieras"
ciiu_6422,64,6422,"Actividades de las compañías de financiamiento"
ciiu_6423,64,6423,"Banca de segundo piso"
ciiu_6424,64,6424,"Actividades de las cooperativas financieras"
ciiu_6431,64,6431,"Fideicomisos  fondos y entidades financieras similares"
ciiu_6432,64,6432,"Fondos de cesantías"
ciiu_6491,64,6491,"Leasing financiero (arrendamiento financiero)"
ciiu_6492,64,6492,"Actividades financieras de fondos de empleados y otras formas asociativas del sector solidario"
ciiu_6493,64,6493,"Actividades de compra de cartera o factoring"
ciiu_6494,64,6494,"Otras actividades de distribución de fondos"
ciiu_6495,64,6495,"Instituciones especiales oficiales"
ciiu_6499,64,6499,"Otras actividades de servicio financiero  excepto las de seguros y pensiones n.c.p."
ciiu_6511,65,6511,"Seguros generales "
ciiu_6512,65,6512,"Seguros de vida"
ciiu_6513,65,6513,"Reaseguros"
ciiu_6514,65,6514,"Capitalización"
ciiu_6521,65,6521,"Servicios de seguros sociales de salud"
ciiu_6522,65,6522,"Servicios de seguros sociales de riesgos profesionales"
ciiu_6531,65,6531,"Régimen de prima media con prestación definida (RPM)"
ciiu_6532,65,6532,"Régimen de ahorro individual (RAI)"
ciiu_6611,66,6611,"Administración de mercados financieros"
ciiu_6612,66,6612,"Corretaje de valores y de contratos de productos básicos"
ciiu_6613,66,6613,"Otras actividades relacionadas con el mercado de valores"
ciiu_6614,66,6614,"Actividades de las casas de cambio"
ciiu_6615,66,6615,"Actividades de los profesionales de compra y venta de divisas"
ciiu_6619,66,6619,"Otras actividades auxiliares de las actividades de servicios financieros n.c.p."
ciiu_6621,66,6621,"Actividades de agentes y corredores de seguros"
ciiu_6629,66,6629,"Evaluación de riesgos y daños  y otras actividades de servicios auxiliares"
ciiu_6630,66,6630,"Actividades de administración de fondos"
ciiu_6810,68,6810,"Actividades inmobiliarias realizadas con bienes propios o arrendados"
ciiu_6820,68,6820,"Actividades inmobiliarias realizadas a cambio de una retribución o por contrata "
ciiu_6910,69,6910,"Actividades jurídicas"
ciiu_6920,69,6920,"Actividades de contabilidad  teneduría de libros  auditoría financiera y asesoría tributaria"
ciiu_7010,70,7010,"Actividades de administración empresarial"
ciiu_7020,70,7020,"Actividades de consultaría de gestión"
ciiu_7110,71,7110,"Actividades de arquitectura e ingeniería y otras actividades conexas de consultoría técnica"
ciiu_7111,71,7111,"Actividades de arquitectura"
ciiu_7112,71,7112,"Actividades de ingeniería y otras actividades conexas de consultoría técnica"
ciiu_7120,71,7120,"Ensayos y análisis técnicos"
ciiu_7210,72,7210,"Investigaciones y desarrollo experimental en el campo de las ciencias naturales y la ingeniería "
ciiu_7220,72,7220,"Investigaciones y desarrollo experimental en el campo de las ciencias sociales y las humanidades"
ciiu_7310,73,7310,"Publicidad"
ciiu_7320,73,7320,"Estudios de mercado y realización de encuestas de opinión pública"
ciiu_7410,74,7410,"Actividades especializadas de diseño "
ciiu_7420,74,7420,"Actividades de fotografía"
ciiu_7490,74,7490,"Otras actividades profesionales  científicas y técnicas n.c.p."
ciiu_7500,75,7500,"Actividades veterinarias"
ciiu_7710,77,7710,"Alquiler y arrendamiento de vehículos automotores"
ciiu_7721,77,7721,"Alquiler y arrendamiento de equipo recreativo y deportivo"
ciiu_7722,77,7722,"Alquiler de videos y discos "
ciiu_7729,77,7729,"Alquiler y arrendamiento de otros efectos personales y enseres domésticos n.c.p."
ciiu_7730,77,7730,"Alquiler y arrendamiento de otros tipos de maquinaria  equipo y bienes tangibles n.c.p."
ciiu_7740,77,7740,"Arrendamiento de propiedad intelectual y productos similares  excepto obras protegidas por derechos de autor"
ciiu_7810,78,7810,"Actividades de agencias de empleo"
ciiu_7820,78,7820,"Actividades de agencias de empleo temporal"
ciiu_7830,78,7830,"Otras actividades de suministro de recurso humano"
ciiu_7911,79,7911,"Actividades de las agencias de viaje"
ciiu_7912,79,7912,"Actividades de operadores turísticos"
ciiu_7990,79,7990,"Otros servicios de reserva y actividades relacionadas"
ciiu_8010,80,8010,"Actividades de seguridad privada"
ciiu_8020,80,8020,"Actividades de servicios de sistemas de seguridad"
ciiu_8030,80,8030,"Actividades de detectives e investigadores privados"
ciiu_8110,81,8110,"Actividades combinadas de apoyo a instalaciones"
ciiu_8121,81,8121,"Limpieza general interior de edificios"
ciiu_8129,81,8129,"Otras actividades de limpieza de edificios e instalaciones industriales"
ciiu_8130,81,8130,"Actividades de paisajismo y servicios de mantenimiento conexos"
ciiu_8211,82,8211,"Actividades combinadas de servicios administrativos de oficina"
ciiu_8219,82,8219,"Fotocopiado  preparación de documentos y otras actividades especializadas de apoyo a oficina"
ciiu_8220,82,8220,"Actividades de centros de llamadas (Call center)"
ciiu_8230,82,8230,"Organización de convenciones y eventos comerciales"
ciiu_8291,82,8291,"Actividades de agencias de cobranza y oficinas de calificación crediticia"
ciiu_8292,82,8292,"Actividades de envase y empaque"
ciiu_8299,82,8299,"Otras actividades de servicio de apoyo a las empresas n.c.p."
ciiu_8411,84,8411,"Actividades legislativas de la administración pública"
ciiu_8412,84,8412,"Actividades ejecutivas de la administración pública"
ciiu_8413,84,8413,"Regulación de las actividades de organismos que prestan servicios de salud  educativos  culturales y otros servicios sociales  excepto servicios de seguridad social "
ciiu_8414,84,8414,"Actividades reguladoras y facilitadoras de la actividad económica"
ciiu_8415,84,8415,"Actividades de los otros órganos de control"
ciiu_8421,84,8421,"Relaciones exteriores "
ciiu_8422,84,8422,"Actividades de defensa"
ciiu_8423,84,8423,"Orden público y actividades de seguridad"
ciiu_8424,84,8424,"Administración de justicia"
ciiu_8430,84,8430,"Actividades de planes de seguridad social de afiliación obligatoria"
ciiu_8511,85,8511,"Educación de la primera infancia"
ciiu_8512,85,8512,"Educación preescolar"
ciiu_8513,85,8513,"Educación básica primaria"
ciiu_8521,85,8521,"Educación básica secundaria "
ciiu_8522,85,8522,"Educación media académica"
ciiu_8523,85,8523,"Educación media técnica y de formación laboral"
ciiu_8530,85,8530,"Establecimientos que combinan diferentes niveles de educación "
ciiu_8541,85,8541,"Educación técnica profesional"
ciiu_8542,85,8542,"Educación tecnológica"
ciiu_8543,85,8543,"Educación de instituciones universitarias o de escuelas tecnológicas"
ciiu_8544,85,8544,"Educación de universidades"
ciiu_8551,85,8551,"Formación académica no formal "
ciiu_8552,85,8552,"Enseñanza deportiva y recreativa"
ciiu_8553,85,8553,"Enseñanza cultural"
ciiu_8559,85,8559,"Otros tipos de educación n.c.p."
ciiu_8560,85,8560,"Actividades de apoyo a la educación"
ciiu_8610,86,8610,"Actividades de hospitales y clínicas  con internación"
ciiu_8621,86,8621,"Actividades de la práctica médica  sin internación"
ciiu_8622,86,8622,"Actividades de la práctica odontológica"
ciiu_8691,86,8691,"Actividades de apoyo diagnóstico"
ciiu_8692,86,8692,"Actividades de apoyo terapéutico"
ciiu_8699,86,8699,"Otras actividades de atención de la salud humana"
ciiu_8710,87,8710,"Actividades de atención residencial medicalizada de tipo general"
ciiu_8720,87,8720,"Actividades de atención residencial  para el cuidado de pacientes con retardo mental  enfermedad mental y consumo de sustancias psicoactivas"
ciiu_8730,87,8730,"Actividades de atención en instituciones para el cuidado de personas mayores y/o discapacitadas"
ciiu_8790,87,8790,"Otras actividades de atención en instituciones con alojamiento"
ciiu_8810,88,8810,"Actividades de asistencia social sin alojamiento para personas mayores y discapacitadas"
ciiu_8890,88,8890,"Otras actividades de asistencia social sin alojamiento"
ciiu_9001,90,9001,"Creación literaria"
ciiu_9002,90,9002,"Creación musical"
ciiu_9003,90,9003,"Creación teatral"
ciiu_9004,90,9004,"Creación audiovisual"
ciiu_9005,90,9005,"Artes plásticas y visuales"
ciiu_9006,90,9006,"Actividades teatrales"
ciiu_9007,90,9007,"Actividades de espectáculos musicales en vivo"
ciiu_9008,90,9008,"Otras actividades de espectáculos en vivo"
ciiu_9101,91,9101,"Actividades de bibliotecas y archivos"
ciiu_9102,91,9102,"Actividades y funcionamiento de museos  conservación de edificios y sitios históricos"
ciiu_9103,91,9103,"Actividades de jardines botánicos  zoológicos y reservas naturales"
ciiu_9200,92,9200,"Actividades de juegos de azar y apuestas"
ciiu_9311,93,9311,"Gestión de instalaciones deportivas"
ciiu_9312,93,9312,"Actividades de clubes deportivos"
ciiu_9319,93,9319,"Otras actividades deportivas"
ciiu_9321,93,9321,"Actividades de parques de atracciones y parques temáticos"
ciiu_9329,93,9329,"Otras actividades recreativas y de esparcimiento n.c.p."
ciiu_9411,94,9411,"Actividades de asociaciones empresariales y de empleadores"
ciiu_9412,94,9412,"Actividades de asociaciones profesionales"
ciiu_9420,94,9420,"Actividades de sindicatos de empleados"
ciiu_9491,94,9491,"Actividades de asociaciones religiosas"
ciiu_9492,94,9492,"Actividades de asociaciones políticas"
ciiu_9499,94,9499,"Actividades de otras asociaciones n.c.p."
ciiu_9511,95,9511,"Mantenimiento y reparación de computadores y de equipo periférico"
ciiu_9512,95,9512,"Mantenimiento y reparación de equipos de comunicación"
ciiu_9521,95,9521,"Mantenimiento y reparación de aparatos electrónicos de consumo"
ciiu_9522,95,9522,"Mantenimiento y reparación de aparatos y equipos domésticos y de jardinería "
ciiu_9523,95,9523,"Reparación de calzado y artículos de cuero"
ciiu_9524,95,9524,"Reparación de muebles y accesorios para el hogar"
ciiu_9529,95,9529,"Mantenimiento y reparación de otros efectos personales y enseres domésticos"
ciiu_9601,96,9601,"Lavado y limpieza  incluso la limpieza en seco  de productos textiles y de piel"
ciiu_9602,96,9602,"Peluquería y otros tratamientos de belleza"
ciiu_9603,96,9603,"Pompas fúnebres y actividades relacionadas"
ciiu_9609,96,9609,"Otras actividades de servicios personales n.c.p."
ciiu_9700,97,9700,"Actividades de los hogares individuales como empleadores de personal doméstico"
ciiu_9810,98,9810,"Actividades no diferenciadas de los hogares individuales como productores de bienes para uso propio"
ciiu_9820,98,9820,"Actividades no diferenciadas de los hogares individuales como productores de servicios para uso propio"